Loan_ID,Gender,Married,Dependents,Education,Self_Employed,ApplicantIncome,CoapplicantIncome,LoanAmount,Loan_Amount_Term,Credit_History,Property_Area,Loan_Status
LP0001,Male,No,3+,Graduate,nan,8718,0,,360.0,0.0,Rural,N
LP0002,Female,No,1,Graduate,nan,12120,0,165.6816345581502,360.0,1.0,Semiurban,N
LP0003,Male,Yes,3+,Not Graduate,No,9572,736,209.45421870879346,360.0,0.0,Semiurban,N
LP0004,Male,Yes,0,Graduate,No,6682,2342,102.20376220528279,360.0,1.0,Urban,Y
LP0005,Male,No,0,Graduate,Yes,7668,5310,118.75257137859182,360.0,0.0,Rural,Y
LP0006,Male,No,0,Graduate,Yes,6915,5061,113.446314839328,360.0,0.0,Urban,N
LP0007,Male,Yes,2,Not Graduate,No,9705,2307,355.07509672926835,360.0,0.0,Semiurban,Y
LP0008,Female,Yes,na,Graduate,No,10268,0,80.1218791510071,360.0,1.0,Semiurban,N
LP0009,Male,Yes,3+,Graduate,No,2708,1692,79.36460489047617,360.0,1.0,Semiurban,Y
LP0010,Male,Yes,1,Not Graduate,No,7530,2373,125.9584016792693,180.0,1.0,Semiurban,N
LP0011,Male,Yes,3+,Not Graduate,nan,10057,0,115.08477647310983,60.0,1.0,Urban,Y
LP0012,Female,Yes,0,Not Graduate,No,4922,141,,360.0,0.0,Semiurban,Y
LP0013,Female,Yes,3+,Not Graduate,No,5764,0,120.77211666605857,360.0,1.0,Rural,Y
LP0014,Male,No,2,Graduate,No,5340,3006,127.71686158543696,360.0,1.0,Rural,Y
LP0015,Male,Yes,2,Graduate,No,5457,0,97.03888654460465,180.0,1.0,Urban,Y
LP0016,Male,Yes,2,Graduate,Yes,8748,2154,117.12796189636092,180.0,1.0,Rural,Y
LP0017,Male,No,2,Not Graduate,Yes,13294,0,84.0417983254801,60.0,1.0,Semiurban,Y
LP0018,Male,No,1,Graduate,No,11305,3807,68.64662973023216,360.0,0.0,Rural,Y
LP0019,Male,Yes,0,Graduate,No,4514,1835,101.81088992061373,36.0,1.0,Semiurban,Y
LP0020,Male,Yes,0,Graduate,Yes,6656,2147,73.9729783916407,,1.0,Semiurban,Y
LP0021,Male,Yes,3+,Graduate,No,3911,4131,62.23524079097519,180.0,1.0,Rural,Y
LP0022,Male,Yes,1,Graduate,No,4101,1310,45.638043340677356,360.0,1.0,Rural,Y
LP0023,Male,Yes,2,Not Graduate,No,5638,0,141.59640920302775,120.0,1.0,Semiurban,Y
LP0024,Male,Yes,1,Not Graduate,No,4049,0,100.08850046789114,360.0,1.0,Urban,Y
LP0025,Male,Yes,0,Graduate,No,4340,0,,180.0,0.0,Semiurban,N
LP0026,Male,Yes,0,Graduate,Yes,6577,733,104.33696824546018,120.0,0.0,Semiurban,N
LP0027,Male,Yes,2,Graduate,Yes,7477,0,141.25098851805149,360.0,0.0,Urban,N
LP0028,Male,Yes,1,Graduate,No,7376,7069,90.31240184442942,360.0,1.0,Urban,Y
LP0029,Male,Yes,0,Not Graduate,No,7413,422,123.99211025091319,120.0,0.0,Rural,N
LP0030,Male,Yes,1,Graduate,Yes,3115,0,45.80114286767373,360.0,0.0,Urban,N
LP0031,Male,Yes,0,Graduate,No,3952,0,101.04554435212475,360.0,0.0,Semiurban,N
LP0032,Male,No,1,Not Graduate,Yes,5945,0,80.38032666171098,360.0,1.0,Urban,Y
LP0033,Male,Yes,0,Graduate,No,9821,1183,199.27583010133344,360.0,0.0,Semiurban,N
LP0034,Female,No,2,Graduate,No,17182,0,136.72995454178448,360.0,0.0,Urban,Y
LP0035,Female,No,0,Graduate,No,6790,0,185.3479915992054,360.0,0.0,Urban,N
LP0036,Female,Yes,1,Graduate,No,8323,8764,221.77896693102275,360.0,1.0,Rural,Y
LP0037,Male,Yes,0,Graduate,No,2966,280,96.91293978464012,360.0,0.0,Rural,N
LP0038,Male,Yes,0,Graduate,No,8210,0,133.82123144543513,120.0,0.0,Urban,Y
LP0039,Male,Yes,0,Graduate,No,14743,0,,36.0,1.0,Semiurban,Y
LP0040,Male,No,1,Not Graduate,No,3945,0,151.98170940329823,180.0,1.0,Semiurban,N
LP0041,Male,Yes,1,Graduate,No,4408,1406,163.1137060771444,360.0,0.0,Rural,N
LP0042,Male,Yes,0,Graduate,Yes,8888,7614,146.8235572791141,60.0,1.0,Rural,Y
LP0043,Male,Yes,2,Graduate,Yes,5908,0,96.85819854794065,360.0,1.0,Semiurban,Y
LP0044,Female,Yes,3+,Graduate,No,2282,0,290.87775062033757,360.0,1.0,Semiurban,Y
LP0045,Male,Yes,2,Graduate,No,4537,4153,127.54765517625697,60.0,0.0,Rural,N
LP0046,Male,Yes,0,Graduate,No,11624,1805,456.2832736714846,180.0,1.0,Urban,Y
LP0047,Male,Yes,1,Graduate,No,5062,0,70.79582995587911,180.0,1.0,Semiurban,Y
LP0048,nan,No,0,Not Graduate,Yes,5060,3129,170.87198938845327,180.0,1.0,Rural,N
LP0049,Male,Yes,0,Graduate,No,8601,0,202.27111711121594,360.0,0.0,Rural,N
LP0050,Male,Yes,3+,Graduate,No,6913,0,71.48795197173689,360.0,1.0,Semiurban,Y
LP0051,Female,Yes,0,Not Graduate,Yes,4929,1328,110.7479688713278,180.0,0.0,Semiurban,N
LP0052,Male,Yes,1,Graduate,No,4269,334,58.936144751154096,360.0,0.0,Semiurban,N
LP0053,Female,Yes,1,Graduate,No,21604,2383,226.07896465997723,360.0,1.0,Semiurban,Y
LP0054,Female,nan,2,Graduate,Yes,10627,6977,120.14214270596214,180.0,1.0,Semiurban,N
LP0055,Male,Yes,1,Graduate,No,7412,619,80.55937035805938,,1.0,Semiurban,N
LP0056,Female,Yes,0,Graduate,Yes,7652,251,203.59303080849858,360.0,1.0,Rural,Y
LP0057,Male,nan,0,Graduate,No,5474,911,125.79996956394109,180.0,1.0,Rural,Y
LP0058,Male,No,na,Not Graduate,No,6872,1394,189.63860359468893,120.0,0.0,Urban,N
LP0059,Male,Yes,0,Graduate,No,5191,3253,156.81987431145998,180.0,0.0,Semiurban,N
LP0060,Male,Yes,0,Graduate,Yes,3779,0,75.20124971613227,360.0,1.0,Semiurban,Y
LP0061,Male,Yes,0,Graduate,No,7007,2420,95.21294441483457,360.0,1.0,Semiurban,Y
LP0062,Male,No,0,Graduate,No,4974,1062,81.67462099274623,360.0,1.0,Urban,Y
LP0063,Female,Yes,0,Graduate,No,7191,1470,68.42374878245352,360.0,1.0,Semiurban,Y
LP0064,Male,Yes,0,Graduate,No,7876,0,51.77910177487937,360.0,1.0,Rural,Y
LP0065,Male,No,1,Not Graduate,No,7382,494,320.83312412125156,360.0,0.0,Semiurban,N
LP0066,Male,No,2,Graduate,No,3638,3349,145.46901154091964,360.0,0.0,Rural,Y
LP0067,Male,No,2,Graduate,No,4717,0,156.32507114793583,60.0,,Rural,Y
LP0068,Female,Yes,0,Graduate,No,5021,2574,215.08711261575172,360.0,0.0,Urban,N
LP0069,Male,Yes,0,Graduate,No,9387,0,94.73109123345728,180.0,1.0,Urban,Y
LP0070,Female,No,0,Not Graduate,No,9138,0,,180.0,0.0,Rural,N
LP0071,Male,No,1,Not Graduate,No,4062,79,181.30320609202408,360.0,1.0,Rural,Y
LP0072,Male,Yes,2,Graduate,Yes,3083,1229,65.92555305071517,60.0,1.0,Urban,N
LP0073,Male,Yes,0,Graduate,No,17622,815,179.14282976105946,360.0,0.0,Urban,N
LP0074,Female,Yes,3+,Graduate,Yes,7236,0,56.561204693470486,360.0,1.0,Urban,N
LP0075,Male,No,0,Not Graduate,No,2911,400,63.61728485859267,180.0,0.0,Rural,N
LP0076,Male,Yes,1,Graduate,No,4374,0,90.03218693696738,360.0,1.0,Urban,Y
LP0077,Male,Yes,2,Graduate,No,9589,0,175.76698666711445,180.0,1.0,Semiurban,N
LP0078,Male,Yes,3+,Graduate,No,15347,0,271.1934896067305,360.0,1.0,Rural,N
LP0079,Male,Yes,2,Graduate,No,14004,3577,156.19906904699906,120.0,,Urban,N
LP0080,Male,Yes,2,Graduate,No,7084,1647,91.8198263643309,360.0,1.0,Semiurban,Y
LP0081,Female,Yes,0,Graduate,No,5843,1870,197.87104244813008,180.0,1.0,Urban,N
LP0082,Male,Yes,2,Graduate,No,3481,4477,55.74613149134207,360.0,1.0,Rural,N
LP0083,Male,Yes,0,Not Graduate,No,6090,0,77.22848391286551,180.0,1.0,Urban,N
LP0084,Male,Yes,3+,Graduate,No,3695,2055,131.94927127679176,180.0,0.0,Semiurban,N
LP0085,Male,Yes,1,Graduate,No,4739,4592,184.30679848753556,360.0,,Semiurban,Y
LP0086,Male,Yes,2,Graduate,No,8883,9654,113.60882932427285,180.0,0.0,Urban,Y
LP0087,Male,Yes,na,Graduate,No,5178,0,107.51900583652791,360.0,1.0,Urban,Y
LP0088,Male,Yes,1,Graduate,No,5009,2764,110.72715788670149,120.0,1.0,Semiurban,Y
LP0089,Female,Yes,na,Graduate,No,5687,3492,214.1123937489688,360.0,1.0,Urban,Y
LP0090,Male,Yes,2,Graduate,No,19033,4558,84.37476395480913,120.0,1.0,Rural,Y
LP0091,Male,Yes,0,Graduate,No,3314,4082,74.6574516292171,120.0,1.0,Rural,Y
LP0092,Male,No,0,Graduate,No,6713,0,109.84400922598937,360.0,1.0,Semiurban,Y
LP0093,Male,Yes,0,Graduate,No,13346,2346,229.2511347029459,360.0,1.0,Semiurban,N
LP0094,Male,No,0,Not Graduate,No,5678,0,89.26486048719822,360.0,1.0,Semiurban,Y
LP0095,Male,Yes,3+,Graduate,No,10525,5316,110.55082638771808,120.0,0.0,Rural,N
LP0096,Male,No,0,Not Graduate,No,2994,1532,55.31041622870868,360.0,1.0,Semiurban,Y
LP0097,Male,No,3+,Graduate,No,5262,0,112.899933532699,360.0,1.0,Urban,Y
LP0098,Male,Yes,0,Graduate,Yes,3879,2530,141.92613845807162,120.0,1.0,Urban,Y
LP0099,Male,Yes,0,Graduate,No,5648,1814,65.975223007029,360.0,0.0,Semiurban,N
LP0100,Male,Yes,2,Graduate,Yes,5708,0,214.3155571404371,180.0,1.0,Semiurban,Y
LP0101,Male,Yes,2,Not Graduate,No,6006,14017,141.00174015508404,360.0,1.0,Semiurban,N
LP0102,Male,No,1,Graduate,No,8841,0,96.29527658866743,360.0,1.0,Urban,Y
LP0103,Male,No,1,Not Graduate,nan,2013,1583,141.53533416418847,180.0,1.0,Rural,Y
LP0104,Male,No,2,Graduate,No,4281,211,160.84535477784428,360.0,1.0,Urban,Y
LP0105,Female,Yes,0,Graduate,No,6485,158,48.412217033782056,,0.0,Urban,N
LP0106,Male,No,3+,Graduate,No,2323,2684,144.28989000102905,120.0,1.0,Semiurban,N
LP0107,Male,No,3+,Graduate,No,7925,4118,225.14156782765286,360.0,1.0,Urban,N
LP0108,Male,Yes,2,Graduate,No,4242,3540,,36.0,1.0,Semiurban,Y
LP0109,Male,Yes,0,Graduate,No,5312,0,97.33412722246912,36.0,1.0,Semiurban,Y
LP0110,Male,No,2,Graduate,No,9047,3375,105.55775278909789,360.0,1.0,Semiurban,Y
LP0111,Male,Yes,0,Graduate,No,10774,1559,185.35254202194423,360.0,1.0,Semiurban,Y
LP0112,Male,No,0,Graduate,No,8048,0,71.57624067615303,180.0,1.0,Urban,N
LP0113,Female,Yes,0,Not Graduate,No,3272,348,157.12275728778656,360.0,1.0,Urban,Y
LP0114,Female,No,1,Not Graduate,Yes,7845,828,106.55957344250237,360.0,1.0,Rural,N
LP0115,Male,Yes,3+,Graduate,No,8113,2737,277.7324387004557,180.0,0.0,Semiurban,N
LP0116,Female,Yes,2,Graduate,Yes,7323,0,109.70471272830343,360.0,1.0,Semiurban,Y
LP0117,Female,Yes,2,Graduate,No,11687,0,37.81189839765959,120.0,1.0,Urban,Y
LP0118,Male,No,1,Not Graduate,No,6084,0,171.99063711524875,360.0,1.0,Semiurban,Y
LP0119,Female,No,0,Graduate,No,11453,2055,153.11891821741278,360.0,1.0,Semiurban,N
LP0120,Male,Yes,0,Graduate,No,11416,0,137.99096543853608,360.0,1.0,Semiurban,Y
LP0121,Female,Yes,3+,Not Graduate,Yes,8229,2339,222.02080893108686,36.0,1.0,Rural,Y
LP0122,Female,No,0,Graduate,No,6766,0,51.633347123743064,180.0,0.0,Urban,N
LP0123,Male,Yes,3+,Graduate,No,7344,1119,77.80246614428816,120.0,0.0,Urban,Y
LP0124,Male,No,1,Graduate,No,13011,0,123.67334146017686,360.0,,Rural,Y
LP0125,Male,Yes,1,Graduate,No,9815,7581,134.2946812799668,360.0,0.0,Rural,Y
LP0126,nan,Yes,2,Graduate,Yes,3449,0,114.71649482591864,360.0,0.0,Urban,Y
LP0127,Female,Yes,1,Graduate,No,7113,1714,55.70556065304393,360.0,1.0,Semiurban,N
LP0128,Female,Yes,3+,Graduate,No,3786,0,97.81354715241685,360.0,0.0,Urban,N
LP0129,Male,No,3+,Graduate,No,4183,3451,267.758339711351,180.0,1.0,Urban,N
LP0130,nan,Yes,na,Not Graduate,No,4831,597,69.88940502793417,360.0,1.0,Semiurban,Y
LP0131,Male,Yes,0,Graduate,No,2872,0,122.29446326176976,60.0,1.0,Urban,Y
LP0132,Male,No,1,Graduate,No,3672,3062,157.4177592612764,360.0,1.0,Rural,Y
LP0133,Male,Yes,3+,Graduate,No,12021,998,182.64413978073384,36.0,1.0,Semiurban,Y
LP0134,Male,Yes,0,Not Graduate,No,4170,0,171.57453923607707,360.0,1.0,Urban,N
LP0135,Female,No,1,Graduate,No,8867,785,94.25675754430158,360.0,0.0,Urban,N
LP0136,Male,Yes,1,Graduate,No,6359,0,77.6366935466996,360.0,0.0,Rural,N
LP0137,Male,Yes,2,Not Graduate,No,7674,2630,278.87090125558245,360.0,0.0,Urban,N
LP0138,Male,No,0,Not Graduate,No,7840,81,191.6869640236672,360.0,0.0,Semiurban,N
LP0139,Male,Yes,2,Graduate,No,3598,0,128.1890070096515,360.0,0.0,Semiurban,N
LP0140,Female,Yes,3+,Not Graduate,No,8840,1517,241.4883666001613,360.0,1.0,Semiurban,Y
LP0141,Female,Yes,0,Graduate,nan,3123,1272,55.2327112402446,180.0,1.0,Semiurban,Y
LP0142,Male,No,0,Graduate,No,4088,2615,61.21796792206196,180.0,1.0,Urban,Y
LP0143,Male,Yes,3+,Graduate,No,7782,1000,38.27692434653959,120.0,0.0,Urban,Y
LP0144,Male,Yes,0,Graduate,No,3490,2060,,360.0,1.0,Urban,N
LP0145,Male,No,3+,Graduate,No,2243,4824,136.7220346060604,180.0,0.0,Semiurban,Y
LP0146,Male,No,1,Graduate,No,6946,0,58.49571570764336,360.0,1.0,Semiurban,Y
LP0147,Male,Yes,0,Graduate,No,2666,1163,188.19929462724804,360.0,1.0,Urban,Y
LP0148,Male,Yes,3+,Graduate,No,8155,1762,44.647505583107645,360.0,0.0,Urban,N
LP0149,Male,Yes,1,Graduate,No,5003,1273,,360.0,1.0,Semiurban,Y
LP0150,Male,No,1,Graduate,No,6896,1497,165.5169421517594,360.0,1.0,Semiurban,Y
LP0151,Female,Yes,0,Graduate,No,6832,2116,132.7282024775614,360.0,1.0,Rural,Y
LP0152,Male,Yes,1,Graduate,No,8464,326,54.642806940893365,360.0,1.0,Semiurban,Y
LP0153,Male,No,0,Graduate,nan,7898,226,220.82408127166212,180.0,0.0,Semiurban,N
LP0154,Male,No,0,Graduate,No,3476,0,95.83780608475494,180.0,1.0,Semiurban,N
LP0155,Female,Yes,3+,Not Graduate,No,5153,2721,95.99170518604367,36.0,1.0,Rural,Y
LP0156,Male,No,0,Graduate,No,6892,3040,86.71346144374981,180.0,1.0,Rural,Y
LP0157,Male,Yes,2,Graduate,No,11560,0,174.5544892994971,360.0,0.0,Semiurban,N
LP0158,Male,No,0,Graduate,No,7934,696,93.58239452608183,120.0,1.0,Urban,Y
LP0159,Male,Yes,2,Graduate,No,11041,1913,66.69771112294653,120.0,1.0,Urban,Y
LP0160,Male,Yes,0,Graduate,No,7074,0,199.3037994461514,360.0,0.0,Semiurban,N
LP0161,Male,No,3+,Not Graduate,No,9903,0,,360.0,1.0,Rural,Y
LP0162,Male,Yes,1,Graduate,No,6609,0,202.82951339103448,36.0,0.0,Semiurban,N
LP0163,Male,Yes,0,Graduate,No,9695,2223,125.35920046378273,360.0,1.0,Urban,Y
LP0164,Male,No,0,Graduate,No,4878,0,83.80595768100264,60.0,1.0,Rural,Y
LP0165,Male,No,0,Graduate,No,12257,0,47.68637142580717,360.0,1.0,Rural,Y
LP0166,Female,Yes,1,Graduate,Yes,7477,4448,133.8135606958214,360.0,0.0,Urban,N
LP0167,Male,No,0,Graduate,No,2881,0,105.67281711262652,,0.0,Semiurban,N
LP0168,Male,Yes,2,Graduate,Yes,7008,0,178.20764290653702,360.0,1.0,Semiurban,Y
LP0169,Male,Yes,1,Graduate,No,7947,0,91.42778954524172,120.0,1.0,Rural,Y
LP0170,Male,Yes,na,Graduate,Yes,8996,4618,150.58875715891145,36.0,0.0,Rural,N
LP0171,Male,Yes,1,Not Graduate,No,14507,2440,122.79289462363705,360.0,1.0,Semiurban,Y
LP0172,Male,No,2,Graduate,No,4508,0,80.1937281139432,360.0,0.0,Semiurban,N
LP0173,Male,Yes,0,Graduate,No,14559,833,95.08710374110728,120.0,1.0,Rural,Y
LP0174,nan,Yes,0,Graduate,No,5844,5864,60.56071806451367,180.0,0.0,Semiurban,N
LP0175,Male,Yes,0,Graduate,No,3994,0,288.8637804059646,360.0,1.0,Semiurban,Y
LP0176,Male,No,2,Not Graduate,No,4555,0,148.9614597806747,360.0,1.0,Rural,Y
LP0177,Male,Yes,2,Graduate,nan,7710,0,58.63207447133341,180.0,1.0,Urban,Y
LP0178,Male,Yes,na,Graduate,No,3725,4801,281.245326607453,180.0,0.0,Semiurban,N
LP0179,Female,Yes,2,Not Graduate,No,4919,499,69.42281905331558,360.0,1.0,Rural,Y
LP0180,Male,Yes,2,Graduate,No,6921,0,90.64715918823642,360.0,,Rural,Y
LP0181,Male,Yes,1,Not Graduate,Yes,12207,1516,109.54701435432703,36.0,1.0,Semiurban,Y
LP0182,Male,No,3+,Graduate,No,8864,0,124.29442612471786,180.0,1.0,Urban,Y
LP0183,Female,No,0,Graduate,Yes,5962,1452,175.81707265171156,360.0,0.0,Semiurban,N
LP0184,Female,Yes,0,Graduate,No,7692,1738,42.85862937895043,360.0,0.0,Urban,N
LP0185,Male,No,0,Graduate,nan,6583,0,125.28497267164002,180.0,1.0,Urban,Y
LP0186,Male,No,na,Not Graduate,No,3251,2320,106.71970503003905,360.0,0.0,Rural,N
LP0187,Female,No,1,Graduate,No,13328,0,135.02470890177386,360.0,0.0,Urban,N
LP0188,Male,Yes,3+,Graduate,No,12309,325,104.08984316290598,360.0,0.0,Semiurban,N
LP0189,Male,Yes,0,Graduate,No,5619,0,97.21631653367277,360.0,1.0,Semiurban,Y
LP0190,Male,Yes,0,Graduate,No,4635,506,,180.0,0.0,Rural,N
LP0191,Male,Yes,1,Graduate,Yes,3284,0,273.2748490376848,360.0,1.0,Semiurban,Y
LP0192,Female,No,3+,Not Graduate,No,7937,3784,98.16197234122916,180.0,1.0,Urban,Y
LP0193,Female,No,0,Graduate,No,7963,0,215.75964737811893,360.0,0.0,Urban,N
LP0194,Male,No,1,Graduate,No,3870,256,132.16523597215848,360.0,1.0,Semiurban,Y
LP0195,Male,Yes,0,Graduate,No,6622,0,129.08739610836165,360.0,1.0,Semiurban,N
LP0196,Male,Yes,0,Graduate,No,8724,667,135.67257962869502,60.0,0.0,Semiurban,N
LP0197,Male,No,3+,Graduate,No,4483,0,157.1635101761691,120.0,0.0,Semiurban,N
LP0198,Female,No,3+,Graduate,No,5280,0,102.00818705945511,360.0,1.0,Urban,Y
LP0199,Female,Yes,0,Not Graduate,No,5255,2873,208.28233125688527,180.0,0.0,Semiurban,N
LP0200,Male,No,3+,Graduate,No,3986,0,157.3582794311621,180.0,1.0,Semiurban,Y
LP0201,Male,No,1,Graduate,No,5333,0,63.154252818918195,,1.0,Urban,Y
LP0202,Male,Yes,3+,Graduate,Yes,2686,5117,37.948144382579954,360.0,0.0,Urban,N
LP0203,Male,Yes,na,Not Graduate,No,5122,3172,268.966716510649,180.0,1.0,Urban,Y
LP0204,Female,Yes,1,Graduate,No,5160,0,137.839672114987,360.0,1.0,Urban,Y
LP0205,Male,Yes,1,Graduate,No,5654,1547,59.46524996607594,360.0,1.0,Semiurban,Y
LP0206,Male,Yes,2,Graduate,Yes,7403,5886,98.09278479557705,36.0,1.0,Urban,Y
LP0207,Male,No,0,Graduate,No,3168,0,191.6406273072463,360.0,1.0,Urban,Y
LP0208,Male,Yes,0,Graduate,No,3432,2881,112.50923285825394,360.0,0.0,Urban,N
LP0209,Male,Yes,0,Graduate,No,3938,807,117.67245372189309,360.0,0.0,Rural,N
LP0210,Male,Yes,2,Graduate,No,3028,3947,,180.0,1.0,Rural,Y
LP0211,Male,Yes,0,Graduate,No,7831,0,144.47798373060613,180.0,0.0,Urban,Y
LP0212,Male,No,2,Not Graduate,No,4390,1612,163.13706536014664,360.0,1.0,Semiurban,Y
LP0213,Male,Yes,3+,Not Graduate,No,5741,0,173.04911386938525,36.0,1.0,Urban,N
LP0214,Male,Yes,0,Graduate,No,3784,0,84.98443908163588,360.0,0.0,Semiurban,N
LP0215,Male,No,2,Graduate,No,4858,0,89.02746825801849,360.0,1.0,Urban,N
LP0216,Male,Yes,1,Graduate,No,6781,1358,79.93826346377665,60.0,1.0,Semiurban,Y
LP0217,Male,Yes,3+,Graduate,No,6946,1259,91.4952823439632,360.0,1.0,Semiurban,Y
LP0218,Male,Yes,0,Graduate,No,3498,3812,115.38122599487764,360.0,1.0,Rural,Y
LP0219,Male,Yes,2,Graduate,Yes,5600,2611,119.6412793552998,360.0,0.0,Urban,N
LP0220,Female,Yes,2,Graduate,No,3814,0,237.7348143575909,120.0,1.0,Rural,Y
LP0221,Male,Yes,3+,Not Graduate,No,5498,0,141.015471353168,360.0,1.0,Rural,N
LP0222,Male,Yes,2,Graduate,No,4218,0,116.52749629288955,60.0,1.0,Urban,Y
LP0223,Male,No,1,Graduate,No,13776,0,71.50368193256658,180.0,1.0,Semiurban,N
LP0224,Male,Yes,1,Not Graduate,No,8699,1242,105.19178566246833,360.0,,Urban,Y
LP0225,Male,Yes,3+,Graduate,No,7099,773,279.42148422131885,180.0,1.0,Urban,Y
LP0226,Male,Yes,1,Graduate,No,5063,0,277.15221073688406,360.0,0.0,Urban,N
LP0227,Female,Yes,0,Graduate,No,8827,0,104.54370268368457,360.0,0.0,Semiurban,N
LP0228,Male,No,3+,Graduate,No,5680,0,50.50953815222367,180.0,1.0,Semiurban,Y
LP0229,Female,Yes,2,Graduate,No,13035,2539,97.65111358852067,36.0,1.0,Rural,Y
LP0230,Male,No,2,Graduate,No,9281,2724,239.0564619035091,360.0,1.0,Urban,Y
LP0231,Male,Yes,0,Graduate,No,4841,716,115.78325589781414,360.0,0.0,Rural,N
LP0232,Male,Yes,2,Not Graduate,No,12254,967,174.06001280358944,360.0,0.0,Urban,Y
LP0233,Male,Yes,na,Not Graduate,No,5075,934,122.56771530849406,360.0,1.0,Rural,Y
LP0234,Male,No,2,Not Graduate,No,14203,0,57.19059513782873,360.0,0.0,Semiurban,Y
LP0235,Male,Yes,0,Graduate,No,12598,0,124.76961771414867,360.0,1.0,Urban,N
LP0236,Male,Yes,2,Graduate,No,6763,1831,185.73017130172923,180.0,1.0,Rural,Y
LP0237,Male,Yes,3+,Not Graduate,No,2726,3314,90.85302318444214,360.0,1.0,Semiurban,Y
LP0238,Male,No,0,Graduate,No,6503,0,183.27711839174628,360.0,1.0,Semiurban,Y
LP0239,Male,Yes,3+,Graduate,Yes,3339,2406,128.73693814624048,120.0,1.0,Semiurban,N
LP0240,Male,No,1,Graduate,No,4278,7466,178.38957106452955,120.0,1.0,Semiurban,Y
LP0241,Female,Yes,3+,Graduate,No,4432,4784,145.5197531567255,360.0,1.0,Semiurban,Y
LP0242,Female,Yes,2,Not Graduate,No,3326,2375,73.8470563175663,360.0,1.0,Rural,Y
LP0243,Female,Yes,1,Graduate,No,6515,1894,105.73395193662529,180.0,1.0,Urban,Y
LP0244,Male,nan,2,Graduate,No,4044,2705,104.02487926328682,,,Semiurban,N
LP0245,Male,Yes,3+,Graduate,No,5189,0,88.70535199384508,360.0,1.0,Rural,Y
LP0246,Female,Yes,1,Graduate,Yes,4450,0,139.80332832684368,180.0,1.0,Urban,Y
LP0247,Male,No,0,Not Graduate,No,7419,0,305.16386368303216,360.0,1.0,Urban,N
LP0248,Female,Yes,2,Graduate,No,7150,0,208.41913227627916,360.0,1.0,Rural,Y
LP0249,Female,Yes,2,Graduate,No,4988,7082,,360.0,1.0,Semiurban,Y
LP0250,Female,Yes,2,Not Graduate,No,7606,771,86.02157872440033,360.0,1.0,Semiurban,Y
LP0251,Male,Yes,2,Graduate,No,10551,0,224.41857855548386,360.0,1.0,Urban,Y
LP0252,Male,Yes,1,Graduate,No,2135,1796,262.23034002693896,36.0,1.0,Semiurban,Y
LP0253,Female,Yes,2,Graduate,No,4330,0,84.61336485238826,360.0,0.0,Urban,Y
LP0254,Male,Yes,0,Not Graduate,No,3619,0,153.66463957599515,360.0,1.0,Semiurban,Y
LP0255,Male,No,1,Graduate,No,4149,0,155.7085481757976,360.0,1.0,Rural,N
LP0256,Male,No,0,Graduate,No,2019,0,109.59595897481998,60.0,1.0,Urban,Y
LP0257,Female,Yes,0,Not Graduate,No,2108,0,134.2463239522335,360.0,1.0,Semiurban,Y
LP0258,Male,Yes,0,Graduate,No,1733,7,159.54476281215472,360.0,1.0,Rural,N
LP0259,Male,Yes,0,Not Graduate,No,4522,914,113.29742488384979,120.0,1.0,Semiurban,N
LP0260,Male,Yes,2,Graduate,No,4461,1072,203.429773068936,360.0,1.0,Rural,Y
LP0261,Male,Yes,0,Graduate,nan,11340,0,,360.0,0.0,Semiurban,N
LP0262,Female,Yes,1,Graduate,Yes,6262,0,103.7996848822483,360.0,1.0,Rural,Y
LP0263,Male,No,0,Not Graduate,No,7508,0,175.80710524747127,360.0,1.0,Urban,Y
LP0264,Male,No,0,Graduate,No,30714,1624,288.6633068614643,360.0,1.0,Urban,Y
LP0265,Female,Yes,0,Not Graduate,Yes,2138,0,209.90723138388122,180.0,0.0,Urban,N
LP0266,Male,Yes,0,Not Graduate,No,13151,1038,132.8681902768239,360.0,0.0,Semiurban,Y
LP0267,Male,Yes,1,Graduate,No,5700,1611,116.04152468466408,360.0,1.0,Rural,Y
LP0268,Male,No,2,Not Graduate,No,4700,137,106.757306496219,360.0,0.0,Semiurban,Y
LP0269,Male,Yes,1,Graduate,No,4362,3351,107.07798819105278,360.0,1.0,Semiurban,Y
LP0270,Male,Yes,1,Graduate,No,6877,0,47.54231715366437,360.0,0.0,Rural,N
LP0271,Female,No,0,Graduate,No,4719,0,282.5905984996013,60.0,0.0,Semiurban,Y
LP0272,Female,Yes,3+,Not Graduate,No,3285,0,120.42230976162044,360.0,1.0,Semiurban,Y
LP0273,Female,No,1,Graduate,No,4440,3397,81.98288512070548,180.0,0.0,Semiurban,Y
LP0274,Female,Yes,1,Graduate,No,6976,0,152.46566999565823,360.0,1.0,Semiurban,Y
LP0275,Male,Yes,0,Graduate,No,8180,0,85.24070582573076,360.0,1.0,Urban,Y
LP0276,Male,Yes,0,Graduate,No,13871,1415,193.71585415145557,360.0,1.0,Rural,Y
LP0277,Male,No,0,Graduate,No,6128,0,83.27884163752191,360.0,0.0,Urban,N
LP0278,Male,No,0,Not Graduate,Yes,10877,3307,179.8357393239595,360.0,1.0,Urban,N
LP0279,Male,No,1,Not Graduate,Yes,5285,3737,105.97726878553064,360.0,1.0,Rural,N
LP0280,Male,Yes,1,Graduate,No,5647,0,142.5217016747589,180.0,0.0,Semiurban,N
LP0281,Female,No,1,Not Graduate,Yes,5500,0,186.7215191721957,360.0,,Semiurban,Y
LP0282,Male,Yes,2,Graduate,No,6496,0,94.13288183322977,360.0,1.0,Semiurban,Y
LP0283,Male,Yes,2,Not Graduate,Yes,8928,2606,184.45335576427127,360.0,1.0,Semiurban,Y
LP0284,Male,No,2,Graduate,No,4625,2085,48.51911447932078,360.0,1.0,Urban,Y
LP0285,Male,Yes,3+,Graduate,No,3707,5348,251.93770404234172,360.0,,Semiurban,Y
LP0286,Male,Yes,0,Graduate,No,9297,2582,,360.0,1.0,Semiurban,Y
LP0287,Male,Yes,0,Not Graduate,No,8957,3267,118.34114706055226,360.0,0.0,Rural,N
LP0288,Male,Yes,0,Graduate,No,11775,0,218.63822917084846,180.0,0.0,Semiurban,N
LP0289,Male,Yes,1,Graduate,No,4287,0,207.20172682810184,120.0,,Rural,N
LP0290,Male,Yes,3+,Graduate,No,5192,911,123.79514850905112,360.0,1.0,Urban,Y
LP0291,Male,Yes,0,Graduate,No,9479,0,123.12841894839943,360.0,1.0,Semiurban,N
LP0292,Male,No,3+,Graduate,No,4599,0,77.04749906346402,120.0,1.0,Semiurban,Y
LP0293,Female,No,0,Graduate,No,8005,253,127.14831815316697,360.0,1.0,Rural,Y
LP0294,Male,Yes,3+,Not Graduate,No,5296,1525,56.30403962095529,360.0,1.0,Urban,Y
LP0295,Male,Yes,0,Graduate,No,6859,1225,178.71707719100687,360.0,0.0,Semiurban,N
LP0296,Male,Yes,0,Graduate,No,3256,1193,180.6545848587622,360.0,1.0,Rural,N
LP0297,Male,Yes,1,Graduate,No,6089,0,48.86437258330175,360.0,1.0,Urban,Y
LP0298,Male,Yes,0,Not Graduate,No,10441,6122,239.67218542739624,360.0,0.0,Rural,N
LP0299,Male,Yes,0,Not Graduate,Yes,8548,0,90.03055894917908,360.0,1.0,Urban,Y
LP0300,Male,Yes,0,Graduate,No,3597,0,437.9480227131113,360.0,1.0,Rural,Y
LP0301,Male,Yes,2,Graduate,No,13281,1411,138.83499085374524,180.0,1.0,Rural,Y
LP0302,Male,Yes,1,Graduate,Yes,10109,0,240.86508466177762,360.0,1.0,Semiurban,Y
LP0303,Male,Yes,0,Graduate,No,3324,1882,75.8181806668962,360.0,,Semiurban,N
LP0304,Male,No,1,Not Graduate,No,4455,0,105.8606207123349,360.0,1.0,Urban,Y
LP0305,Male,No,2,Graduate,No,3407,5207,93.89482711821658,180.0,0.0,Rural,N
LP0306,Female,Yes,0,Graduate,No,6956,0,55.81301617106696,180.0,0.0,Semiurban,N
LP0307,Male,No,1,Graduate,No,4361,553,63.42443303491797,180.0,0.0,Urban,N
LP0308,Male,Yes,0,Not Graduate,No,2289,2902,116.04918621069771,360.0,0.0,Semiurban,N
LP0309,Male,No,0,Graduate,No,5634,0,149.8294307372856,180.0,1.0,Semiurban,Y
LP0310,Male,No,2,Graduate,Yes,9108,0,71.84542762830831,180.0,1.0,Urban,N
LP0311,Male,Yes,0,Graduate,No,6152,0,102.61955695102463,360.0,1.0,Urban,Y
LP0312,Male,Yes,1,Not Graduate,No,7638,0,85.02079595454454,360.0,1.0,Urban,Y
LP0313,Male,Yes,2,Graduate,No,6448,3614,119.9560650650169,360.0,0.0,Semiurban,N
LP0314,Female,Yes,0,Graduate,No,8367,1315,171.9095840891145,180.0,1.0,Semiurban,Y
LP0315,Female,Yes,1,Graduate,nan,6740,0,130.52500639625842,360.0,0.0,Semiurban,N
LP0316,Male,Yes,0,Graduate,No,5482,0,91.8849433863615,360.0,0.0,Rural,N
LP0317,Male,Yes,3+,Graduate,No,6114,0,203.7496739771808,60.0,0.0,Rural,N
LP0318,Male,No,1,Graduate,No,12005,5940,147.3986590555403,180.0,0.0,Semiurban,N
LP0319,nan,No,2,Graduate,No,7858,0,132.4521153483954,60.0,,Urban,N
LP0320,Male,Yes,1,Graduate,No,3591,1385,,36.0,1.0,Semiurban,Y
LP0321,nan,Yes,0,Graduate,No,6065,126,192.98567339725665,360.0,1.0,Semiurban,N
LP0322,Male,Yes,1,Not Graduate,No,6893,0,154.83684858128265,180.0,1.0,Semiurban,Y
LP0323,Male,Yes,3+,Graduate,No,5392,1536,158.88181987427055,360.0,1.0,Semiurban,N
LP0324,Male,nan,1,Not Graduate,No,2293,2297,110.46598115300208,120.0,0.0,Semiurban,N
LP0325,Female,Yes,2,Graduate,No,3761,507,100.76202274671957,360.0,0.0,Rural,N
LP0326,Male,Yes,na,Graduate,No,4726,0,283.3353168339097,36.0,1.0,Urban,Y
LP0327,Male,Yes,0,Graduate,Yes,14104,0,99.99999426148226,180.0,1.0,Semiurban,Y
LP0328,Male,Yes,0,Graduate,No,7427,4120,65.36616113534077,180.0,,Urban,Y
LP0329,Male,No,1,Graduate,Yes,2687,4725,135.78934586023288,360.0,1.0,Rural,Y
LP0330,Male,No,1,Graduate,No,5563,1660,123.27367573214192,360.0,1.0,Urban,Y
LP0331,Male,Yes,2,Graduate,Yes,11025,2356,208.3986033168459,180.0,1.0,Urban,Y
LP0332,Male,Yes,3+,Not Graduate,No,4332,2956,114.70410400410077,360.0,1.0,Semiurban,Y
LP0333,Male,Yes,na,Graduate,Yes,9665,5972,169.16108591213793,120.0,1.0,Semiurban,N
LP0334,Male,No,0,Not Graduate,Yes,2722,0,248.03825834917905,360.0,1.0,Urban,N
LP0335,Male,No,na,Graduate,No,1699,1041,150.32970202301271,180.0,1.0,Semiurban,Y
LP0336,Male,Yes,0,Graduate,Yes,10414,2174,74.0807228850731,360.0,1.0,Semiurban,Y
LP0337,Female,Yes,2,Graduate,No,4607,1893,47.8173269367202,180.0,1.0,Urban,Y
LP0338,Male,No,1,Graduate,No,4787,797,152.4605657777193,180.0,1.0,Semiurban,Y
LP0339,Male,Yes,2,Graduate,No,6418,0,103.50555185283622,360.0,0.0,Rural,N
LP0340,Male,No,0,Graduate,No,7294,1084,140.43264125582044,360.0,1.0,Semiurban,Y
LP0341,Male,Yes,1,Graduate,No,1860,1770,123.73788998542989,360.0,1.0,Rural,Y
LP0342,Male,Yes,1,Graduate,No,4170,0,64.69366279374358,360.0,0.0,Semiurban,N
LP0343,Male,Yes,1,Graduate,Yes,6009,1138,114.3823094430136,360.0,1.0,Semiurban,Y
LP0344,Male,Yes,0,Not Graduate,No,7286,0,72.04297353610195,180.0,0.0,Urban,Y
LP0345,Male,Yes,2,Not Graduate,No,3572,0,96.24778381704726,360.0,1.0,Urban,N
LP0346,Male,No,3+,Graduate,Yes,5253,0,192.66706133114582,360.0,,Rural,Y
LP0347,Male,Yes,0,Not Graduate,Yes,4325,1076,128.60063678781498,360.0,1.0,Rural,Y
LP0348,Male,Yes,0,Graduate,Yes,6527,604,164.09780227079014,360.0,1.0,Semiurban,Y
LP0349,Male,Yes,0,Graduate,nan,10219,1734,133.82382659231075,360.0,1.0,Urban,Y
LP0350,Male,Yes,1,Not Graduate,Yes,4916,2295,107.16580921076881,36.0,1.0,Urban,Y
LP0351,Male,Yes,1,Graduate,No,2919,1251,140.63070141598007,120.0,1.0,Semiurban,Y
LP0352,Female,Yes,1,Graduate,No,4062,0,51.88476624705515,360.0,1.0,Semiurban,Y
LP0353,Male,No,0,Graduate,No,13210,0,179.02919346688432,360.0,1.0,Urban,Y
LP0354,Male,Yes,0,Graduate,No,3768,1083,80.8438032412089,120.0,1.0,Rural,Y
LP0355,Male,Yes,1,Graduate,No,3170,0,159.00430046366085,360.0,1.0,Semiurban,N
LP0356,Male,Yes,1,Not Graduate,No,4769,1158,105.06318120252863,360.0,1.0,Rural,Y
LP0357,Male,No,3+,Graduate,No,5564,1649,64.71418451054062,360.0,1.0,Rural,N
LP0358,nan,No,0,Graduate,No,4454,2472,87.91195770116653,360.0,0.0,Rural,N
LP0359,Female,No,2,Not Graduate,No,2729,2212,159.41434326411897,36.0,1.0,Semiurban,Y
LP0360,Male,Yes,1,Graduate,No,6850,0,330.80278535665605,180.0,1.0,Semiurban,N
LP0361,Male,Yes,1,Graduate,No,6530,0,119.83078096033805,360.0,1.0,Semiurban,N
LP0362,Male,Yes,2,Graduate,No,8209,2848,310.47816917415014,360.0,1.0,Semiurban,Y
LP0363,Male,Yes,2,Graduate,No,6456,0,51.82168745230999,180.0,0.0,Semiurban,N
LP0364,Male,Yes,3+,Not Graduate,No,12631,511,109.12199159924842,120.0,1.0,Rural,Y
LP0365,Female,Yes,0,Graduate,Yes,8539,0,119.8793737576436,180.0,1.0,Rural,Y
LP0366,Male,Yes,0,Not Graduate,No,7673,918,163.57797341874348,180.0,1.0,Rural,Y
LP0367,Female,Yes,2,Graduate,No,10415,2678,89.62424800738995,360.0,0.0,Rural,N
LP0368,Female,No,1,Not Graduate,No,6259,1366,147.13668694035033,120.0,1.0,Urban,Y
LP0369,Male,Yes,0,Graduate,No,5308,0,111.84977877583253,180.0,0.0,Urban,N
LP0370,Male,Yes,0,Not Graduate,No,6811,0,223.5168720127769,360.0,0.0,Semiurban,N
LP0371,Male,No,0,Graduate,No,2253,135,135.8505687395024,180.0,1.0,Semiurban,Y
LP0372,Male,Yes,3+,Not Graduate,No,6269,0,418.5627117879795,360.0,0.0,Rural,N
LP0373,Male,No,0,Graduate,No,5561,2819,112.29817342173169,360.0,,Semiurban,Y
LP0374,Male,Yes,0,Graduate,No,7189,6810,216.17452506205214,360.0,0.0,Semiurban,N
LP0375,Male,Yes,0,Not Graduate,No,9680,1079,251.2965051712041,360.0,1.0,Semiurban,Y
LP0376,Male,No,0,Graduate,No,7788,2330,33.56619206396463,360.0,1.0,Urban,Y
LP0377,Female,No,0,Not Graduate,No,4067,0,177.88760761352395,360.0,1.0,Semiurban,Y
LP0378,Male,No,1,Graduate,No,8871,1741,64.08494195481454,360.0,0.0,Rural,Y
LP0379,Female,Yes,0,Graduate,No,12728,4438,110.26250734140392,360.0,1.0,Urban,Y
LP0380,Male,Yes,2,Graduate,Yes,9811,6859,69.1608522338002,360.0,1.0,Semiurban,N
LP0381,Male,Yes,0,Graduate,Yes,3032,2521,225.50543805849102,360.0,1.0,Semiurban,Y
LP0382,Male,Yes,1,Graduate,nan,7746,239,92.23517529363258,180.0,1.0,Urban,Y
LP0383,Male,No,3+,Graduate,No,3234,0,50.41606695727023,360.0,1.0,Urban,Y
LP0384,nan,Yes,2,Graduate,No,5052,0,137.5039345832442,360.0,1.0,Rural,Y
LP0385,Male,No,1,Graduate,No,7082,450,242.67233116237384,120.0,1.0,Semiurban,N
LP0386,Female,Yes,0,Graduate,No,6616,0,69.61581676490667,180.0,1.0,Urban,N
LP0387,Male,Yes,0,Graduate,Yes,9711,1626,189.74366253858,120.0,1.0,Urban,Y
LP0388,Male,Yes,2,Graduate,Yes,12761,957,44.35565856080082,360.0,1.0,Semiurban,Y
LP0389,Male,No,3+,Graduate,No,7446,0,251.56688086236827,360.0,1.0,Semiurban,Y
LP0390,Female,No,2,Graduate,No,4862,0,151.82752189099116,180.0,0.0,Semiurban,Y
LP0391,Female,No,1,Not Graduate,No,2292,4134,66.04361976236535,360.0,1.0,Urban,Y
LP0392,Male,No,2,Not Graduate,No,10988,0,181.03317118473402,360.0,0.0,Rural,N
LP0393,Male,No,1,Graduate,No,5575,2156,94.8712809535934,360.0,0.0,Semiurban,N
LP0394,Male,No,0,Graduate,No,5723,4020,77.08890973968147,120.0,1.0,Semiurban,Y
LP0395,nan,Yes,1,Not Graduate,No,5956,1605,93.83363914104069,360.0,1.0,Semiurban,N
LP0396,Female,Yes,3+,Graduate,No,7272,669,,60.0,0.0,Semiurban,N
LP0397,Female,Yes,0,Graduate,No,7381,0,74.66382827017534,120.0,1.0,Rural,Y
LP0398,Male,No,2,Graduate,Yes,5092,1318,37.37323198545415,360.0,1.0,Rural,Y
LP0399,Male,No,0,Not Graduate,No,5548,0,96.27900044434898,180.0,1.0,Semiurban,Y
LP0400,Male,Yes,na,Graduate,No,4289,0,230.24371582819612,180.0,1.0,Rural,Y
LP0401,Male,No,0,Graduate,No,4066,1544,228.6688216839152,120.0,0.0,Rural,N
LP0402,Female,No,1,Not Graduate,No,4056,1031,93.76659265961999,360.0,1.0,Rural,N
LP0403,Male,Yes,2,Not Graduate,No,5515,0,92.08785577662513,180.0,1.0,Urban,Y
LP0404,Female,Yes,0,Graduate,No,3693,1590,89.24303571892503,360.0,1.0,Semiurban,Y
LP0405,Male,No,2,Graduate,Yes,1672,1641,87.27453723289987,60.0,1.0,Urban,N
LP0406,Female,Yes,2,Not Graduate,No,4820,0,90.30591009391892,360.0,1.0,Rural,Y
LP0407,Male,No,3+,Graduate,Yes,3115,0,140.86108152947355,360.0,1.0,Urban,N
LP0408,Male,Yes,0,Graduate,No,6163,3847,233.09674484123323,180.0,0.0,Semiurban,N
LP0409,Female,No,0,Graduate,No,4281,1108,74.60219714063552,120.0,,Semiurban,Y
LP0410,Male,No,0,Not Graduate,No,7318,2068,81.68705538775228,360.0,0.0,Semiurban,N
LP0411,Male,No,3+,Graduate,No,3245,2710,149.05980289499678,360.0,,Semiurban,N
LP0412,Female,Yes,3+,Not Graduate,No,2451,0,176.88273652062023,360.0,1.0,Rural,Y
LP0413,Female,No,1,Not Graduate,No,5555,278,56.29671059171224,36.0,1.0,Semiurban,N
LP0414,Male,No,2,Graduate,No,4720,1433,277.4274869277233,180.0,1.0,Rural,Y
LP0415,Male,Yes,1,Graduate,Yes,2997,4523,105.35537786087608,120.0,1.0,Urban,Y
LP0416,Male,No,1,Graduate,Yes,8542,0,58.89369121592623,360.0,1.0,Semiurban,Y
LP0417,Male,Yes,0,Graduate,Yes,3501,0,54.99112767199179,360.0,0.0,Semiurban,N
LP0418,Male,Yes,2,Graduate,No,3974,0,53.43444640810735,180.0,0.0,Urban,N
LP0419,Male,Yes,0,Graduate,No,9385,598,214.0541544148363,120.0,1.0,Semiurban,N
LP0420,Male,Yes,2,Graduate,No,7535,3154,129.13772935067033,360.0,1.0,Semiurban,Y
LP0421,Male,Yes,2,Not Graduate,No,3328,914,215.05766634084415,120.0,1.0,Semiurban,N
LP0422,Male,No,2,Graduate,No,4930,0,117.04493603163326,360.0,1.0,Rural,Y
LP0423,Male,Yes,0,Graduate,No,3178,0,211.98132133138483,360.0,1.0,Semiurban,N
LP0424,Male,No,0,Graduate,No,9032,171,115.5703573240971,360.0,1.0,Urban,Y
LP0425,Male,Yes,0,Graduate,No,9029,1167,163.22876085914055,360.0,0.0,Urban,Y
LP0426,Male,Yes,0,Graduate,Yes,13759,3938,121.10300872473273,360.0,0.0,Semiurban,N
LP0427,Male,Yes,0,Graduate,No,16618,0,112.04557396471043,360.0,1.0,Urban,N
LP0428,Female,No,3+,Graduate,No,4257,1259,78.30025941239833,360.0,1.0,Urban,Y
LP0429,Male,Yes,1,Graduate,No,8288,0,174.6628271222181,120.0,1.0,Semiurban,Y
LP0430,Male,Yes,0,Graduate,Yes,2317,0,69.77832436562284,,0.0,Semiurban,N
LP0431,Male,No,0,Graduate,No,6401,951,174.51504272854706,360.0,1.0,Semiurban,Y
LP0432,Male,Yes,1,Graduate,No,7210,0,132.11228244073197,360.0,1.0,Rural,Y
LP0433,Male,Yes,1,Not Graduate,No,3590,0,176.89084056777372,360.0,0.0,Semiurban,N
LP0434,Male,Yes,1,Graduate,No,4130,467,137.92710048986925,180.0,1.0,Semiurban,Y
LP0435,Male,No,3+,Graduate,No,9061,2633,223.8994430950929,360.0,1.0,Rural,Y
LP0436,Male,Yes,1,Graduate,No,7302,898,155.2363554356569,180.0,1.0,Semiurban,N
LP0437,Male,No,3+,Graduate,No,12827,83,133.5314179474221,180.0,1.0,Semiurban,Y
LP0438,Female,Yes,3+,Graduate,No,12042,0,35.66970979274785,360.0,1.0,Semiurban,N
LP0439,Male,No,0,Graduate,No,2557,0,228.56711487125494,360.0,1.0,Urban,N
LP0440,Male,No,3+,Graduate,Yes,4465,3991,53.150376363495,360.0,1.0,Semiurban,Y
LP0441,Male,No,0,Graduate,No,3418,1674,61.559440721411235,360.0,1.0,Semiurban,Y
LP0442,Female,Yes,2,Graduate,No,8467,234,185.40500526978258,180.0,0.0,Rural,N
LP0443,Male,No,0,Graduate,No,6723,0,126.73918437764553,360.0,1.0,Rural,N
LP0444,Male,Yes,3+,Graduate,No,3527,1828,54.246246237724954,360.0,1.0,Semiurban,Y
LP0445,Female,Yes,3+,Not Graduate,No,3787,0,92.02222138939337,360.0,1.0,Urban,N
LP0446,Female,Yes,2,Graduate,No,10651,3184,222.38668476727605,360.0,0.0,Urban,Y
LP0447,Female,No,2,Graduate,No,4715,2893,135.84026810308984,360.0,0.0,Semiurban,N
LP0448,Male,No,0,Graduate,No,2187,3099,128.33343308560137,360.0,1.0,Semiurban,N
LP0449,Male,No,0,Graduate,No,3383,2237,86.37284398127234,360.0,1.0,Urban,Y
LP0450,Male,Yes,1,Graduate,No,14247,4489,188.76980501133505,360.0,0.0,Semiurban,Y
LP0451,Male,Yes,0,Graduate,Yes,9527,1029,118.82390230968556,180.0,1.0,Urban,Y
LP0452,Male,No,2,Graduate,No,3089,1803,171.06691621096434,120.0,1.0,Rural,Y
LP0453,Male,Yes,0,Graduate,No,6400,0,81.90778096745147,360.0,0.0,Urban,Y
LP0454,Female,Yes,3+,Graduate,No,9222,1006,331.74664186587637,360.0,1.0,Rural,Y
LP0455,Male,Yes,1,Graduate,No,2543,0,243.3074317824545,36.0,0.0,Rural,N
LP0456,Male,Yes,2,Graduate,No,9757,3019,135.10367023439915,360.0,0.0,Semiurban,N
LP0457,Male,Yes,0,Graduate,No,7266,33,150.29970172077506,360.0,1.0,Rural,Y
LP0458,Male,Yes,3+,Graduate,Yes,4013,7581,,360.0,0.0,Semiurban,N
LP0459,Male,Yes,3+,Not Graduate,No,7862,0,178.03141862718016,180.0,0.0,Semiurban,Y
LP0460,Male,Yes,1,Graduate,No,6771,0,38.76968763757853,360.0,1.0,Semiurban,Y
LP0461,Male,No,1,Graduate,No,7008,938,275.20608125210293,36.0,1.0,Semiurban,N
LP0462,Male,Yes,2,Graduate,No,6284,1173,172.7625280347249,180.0,1.0,Semiurban,Y
LP0463,Male,Yes,0,Not Graduate,No,3722,1997,73.83759017030683,180.0,1.0,Semiurban,Y
LP0464,Male,No,1,Graduate,No,4056,0,271.71055305957657,180.0,0.0,Semiurban,N
LP0465,Female,Yes,0,Graduate,nan,5169,2329,316.78072479761346,360.0,1.0,Urban,N
LP0466,Male,No,0,Graduate,No,5970,1021,154.4451138039984,360.0,1.0,Semiurban,N
LP0467,Male,No,0,Graduate,No,8102,0,82.61180752855398,120.0,1.0,Urban,Y
LP0468,Female,Yes,0,Graduate,No,14428,0,129.36225337652988,36.0,,Urban,N
LP0469,Male,Yes,0,Graduate,No,6551,4147,165.79055643307302,360.0,1.0,Urban,N
LP0470,Female,No,0,Not Graduate,Yes,8028,3765,,60.0,1.0,Urban,N
LP0471,Male,No,3+,Graduate,No,8980,2664,73.84314222061364,360.0,,Urban,Y
LP0472,Female,Yes,1,Graduate,Yes,8321,4124,164.2693765629183,360.0,1.0,Rural,Y
LP0473,Male,Yes,3+,Not Graduate,No,3656,1554,221.06128016405768,360.0,1.0,Urban,N
LP0474,Female,Yes,1,Graduate,No,11173,3511,65.27026769821961,360.0,1.0,Semiurban,Y
LP0475,Male,No,0,Graduate,No,10271,0,69.18973072780098,360.0,1.0,Urban,Y
LP0476,Female,Yes,1,Graduate,No,6240,0,,,1.0,Rural,Y
LP0477,Male,No,1,Graduate,No,3759,534,113.28098855368637,360.0,0.0,Semiurban,N
LP0478,Male,Yes,0,Graduate,No,5922,2209,191.22600313789536,360.0,1.0,Semiurban,Y
LP0479,Female,Yes,1,Not Graduate,No,2670,1240,219.80997315989242,360.0,1.0,Semiurban,Y
LP0480,Male,Yes,0,Graduate,No,11937,4673,80.79895677866429,36.0,1.0,Semiurban,Y
LP0481,Male,Yes,1,Graduate,No,4235,0,,360.0,1.0,Semiurban,Y
LP0482,Male,Yes,2,Graduate,No,5039,2381,215.28966822259179,360.0,,Urban,Y
LP0483,Male,Yes,0,Not Graduate,Yes,11494,0,341.63193545221657,360.0,1.0,Rural,N
LP0484,Male,Yes,0,Not Graduate,No,10784,159,139.87067343589683,360.0,1.0,Semiurban,N
LP0485,Male,No,2,Not Graduate,No,6906,998,143.80449331272973,180.0,1.0,Semiurban,N
LP0486,Female,Yes,1,Graduate,No,12879,3136,154.92697822975927,360.0,1.0,Rural,Y
LP0487,Male,Yes,0,Graduate,No,3603,1254,107.22779707244457,180.0,0.0,Semiurban,N
LP0488,Male,No,3+,Graduate,No,6908,0,134.4641878763211,360.0,1.0,Rural,N
LP0489,Female,No,0,Graduate,No,3617,2805,42.900038018813646,360.0,1.0,Semiurban,Y
LP0490,Female,No,2,Graduate,No,9949,0,92.7289117236243,360.0,1.0,Rural,Y
LP0491,Male,No,3+,Graduate,No,9769,113,162.97166694731112,360.0,1.0,Urban,Y
LP0492,Male,Yes,0,Graduate,No,13360,783,78.42113174036093,360.0,1.0,Rural,Y
LP0493,Male,Yes,0,Graduate,No,5832,2650,193.50969807613814,360.0,1.0,Rural,N
LP0494,Male,No,0,Graduate,Yes,15332,5467,49.839520651487334,360.0,1.0,Urban,Y
LP0495,Male,No,0,Graduate,No,3479,0,189.7150750256168,360.0,1.0,Urban,Y
LP0496,Male,Yes,0,Graduate,No,5676,2275,189.45470770986816,36.0,1.0,Semiurban,Y
LP0497,Male,No,2,Graduate,No,3537,0,344.8397666898174,360.0,0.0,Rural,N
LP0498,Male,Yes,0,Graduate,nan,6436,2260,105.05655509172263,360.0,,Urban,Y
LP0499,Female,Yes,1,Graduate,Yes,3679,0,126.79584573794261,360.0,1.0,Semiurban,Y
LP0500,Female,Yes,3+,Graduate,No,9963,0,261.39049151039603,360.0,0.0,Urban,N
LP0501,Male,Yes,2,Graduate,No,7388,4468,244.2817667885582,360.0,1.0,Semiurban,Y
LP0502,Male,Yes,1,Graduate,Yes,3347,6781,208.13101612225253,120.0,1.0,Semiurban,N
LP0503,Male,Yes,0,Not Graduate,No,8784,0,150.54321006406397,36.0,,Rural,Y
LP0504,Female,No,1,Graduate,No,12400,0,257.73872324451946,360.0,1.0,Semiurban,Y
LP0505,Male,Yes,1,Graduate,No,7752,3520,409.0426339276118,360.0,,Rural,Y
LP0506,Male,Yes,1,Graduate,No,2927,0,170.6980771691973,360.0,0.0,Semiurban,N
LP0507,Female,No,0,Graduate,No,5409,0,129.92132142860072,180.0,1.0,Urban,Y
LP0508,Female,No,3+,Graduate,Yes,8262,4762,,360.0,1.0,Semiurban,Y
LP0509,Female,No,1,Graduate,Yes,5157,0,138.86649580765902,360.0,0.0,Semiurban,N
LP0510,Male,No,0,Not Graduate,No,3459,2721,109.81352635218259,360.0,0.0,Rural,N
LP0511,Male,No,0,Graduate,No,10556,1104,193.9295955033955,180.0,1.0,Rural,N
LP0512,Male,Yes,1,Not Graduate,No,5048,3284,97.36615508656641,360.0,1.0,Urban,Y
LP0513,Female,Yes,2,Graduate,Yes,12405,440,168.924706248581,360.0,1.0,Urban,Y
LP0514,Female,Yes,2,Graduate,No,4477,2255,55.356862247554645,180.0,1.0,Urban,Y
LP0515,Male,Yes,2,Not Graduate,No,4905,0,281.5703834920385,,1.0,Rural,N
LP0516,Male,Yes,0,Graduate,No,4309,0,83.82365050225596,120.0,1.0,Rural,Y
LP0517,Male,No,1,Graduate,No,5363,2523,61.01511419447317,360.0,0.0,Rural,Y
LP0518,Female,Yes,1,Graduate,No,7326,0,239.9653653114891,180.0,1.0,Semiurban,Y
LP0519,Female,Yes,0,Graduate,No,3541,2472,263.16995584101056,180.0,1.0,Semiurban,Y
LP0520,Male,Yes,0,Graduate,No,3247,611,,360.0,1.0,Semiurban,Y
LP0521,Male,No,2,Graduate,No,2522,0,120.573835622703,180.0,1.0,Urban,N
LP0522,Male,Yes,0,Graduate,No,2407,6117,106.35808322467817,360.0,,Semiurban,N
LP0523,Female,No,1,Graduate,No,2942,440,144.87553090530895,60.0,1.0,Urban,Y
LP0524,Female,Yes,0,Graduate,Yes,4462,610,124.05369814647912,360.0,0.0,Urban,N
LP0525,Female,Yes,0,Graduate,No,6377,346,116.38796443066356,180.0,1.0,Rural,Y
LP0526,Male,Yes,0,Graduate,No,7122,1425,,360.0,1.0,Rural,Y
LP0527,Male,No,3+,Graduate,nan,6230,2439,68.0578016228865,36.0,1.0,Semiurban,Y
LP0528,Male,Yes,na,Graduate,No,11661,3124,132.48305765059123,360.0,1.0,Semiurban,Y
LP0529,Male,No,3+,Graduate,No,13627,2216,142.6245708065,36.0,1.0,Semiurban,Y
LP0530,Female,Yes,1,Not Graduate,Yes,5060,0,86.30187080391076,60.0,0.0,Rural,Y
LP0531,Female,Yes,0,Graduate,No,3568,0,92.69142073166263,360.0,0.0,Rural,N
LP0532,Female,No,1,Graduate,No,15842,958,142.45031538527942,120.0,1.0,Rural,N
LP0533,Female,No,1,Graduate,No,10368,0,78.21998307606009,36.0,1.0,Rural,N
LP0534,Male,No,2,Graduate,Yes,9972,0,212.2433473954091,360.0,0.0,Urban,N
LP0535,Male,No,0,Graduate,No,4376,648,165.5043251844506,360.0,1.0,Semiurban,N
LP0536,Female,No,1,Not Graduate,No,8897,0,85.88991583531032,360.0,1.0,Semiurban,Y
LP0537,Female,No,0,Graduate,No,6255,661,161.23867686070378,360.0,1.0,Semiurban,Y
LP0538,Male,No,0,Not Graduate,No,5619,1072,79.20114471937411,360.0,0.0,Rural,N
LP0539,Male,No,2,Not Graduate,No,5614,4131,189.90370345859714,360.0,1.0,Semiurban,Y
LP0540,Male,No,1,Not Graduate,Yes,7498,4442,80.8038864843911,360.0,0.0,Urban,N
LP0541,Female,Yes,0,Not Graduate,No,11861,0,,,0.0,Semiurban,N
LP0542,Male,No,0,Graduate,No,16549,1665,136.61205938441412,360.0,1.0,Rural,Y
LP0543,Male,Yes,1,Graduate,No,4748,1000,261.1047581978744,120.0,0.0,Urban,N
LP0544,Male,No,2,Graduate,Yes,6434,2693,83.48677277011534,180.0,0.0,Semiurban,N
LP0545,Male,No,3+,Graduate,No,5548,677,81.7438912814961,360.0,1.0,Semiurban,Y
LP0546,Male,Yes,3+,Graduate,No,7247,0,57.0572229982638,180.0,1.0,Urban,N
LP0547,Male,No,2,Graduate,No,5210,906,301.1982260746464,180.0,1.0,Semiurban,N
LP0548,Male,Yes,0,Graduate,No,4134,0,128.95647814854442,36.0,1.0,Rural,Y
LP0549,Male,Yes,2,Graduate,No,4751,3308,214.87209827880685,360.0,1.0,Semiurban,N
LP0550,Male,No,na,Graduate,No,4407,147,93.53804118428991,360.0,1.0,Rural,Y
LP0551,nan,Yes,0,Graduate,Yes,5414,0,98.0587671196351,,1.0,Urban,N
LP0552,Female,No,2,Graduate,No,3033,0,123.69464633776802,60.0,0.0,Urban,N
LP0553,Male,No,0,Not Graduate,No,4447,0,125.58807870542884,180.0,1.0,Rural,Y
LP0554,Male,Yes,3+,Graduate,No,7211,2503,177.81646489317774,180.0,1.0,Semiurban,Y
LP0555,Female,Yes,1,Graduate,No,7184,1401,130.8784559254039,360.0,,Semiurban,Y
LP0556,Male,Yes,1,Graduate,No,6620,0,104.17847239348063,360.0,1.0,Rural,Y
LP0557,Male,Yes,2,Graduate,nan,11320,604,304.1488524082358,360.0,1.0,Semiurban,Y
LP0558,Male,No,3+,Graduate,No,7357,0,78.7290519369503,360.0,1.0,Rural,Y
LP0559,Male,Yes,1,Graduate,No,11127,2400,83.72115987817077,120.0,1.0,Urban,Y
LP0560,Male,Yes,1,Graduate,No,16556,0,79.30095162092304,360.0,0.0,Urban,Y
LP0561,Male,Yes,0,Graduate,No,9012,6273,181.3423841708972,360.0,0.0,Urban,N
LP0562,Male,Yes,1,Graduate,No,3039,978,158.72530826300851,60.0,1.0,Rural,Y
LP0563,Male,No,0,Graduate,No,6753,3526,116.64253561809501,360.0,0.0,Urban,N
LP0564,Male,Yes,2,Graduate,No,6261,418,77.23681268533525,36.0,0.0,Rural,N
LP0565,Male,No,1,Graduate,No,12394,5314,136.31220988999343,36.0,1.0,Rural,Y
LP0566,Male,Yes,2,Graduate,No,5513,1773,194.3223497481711,360.0,0.0,Semiurban,N
LP0567,Male,No,0,Not Graduate,No,3869,950,266.6713065017652,360.0,0.0,Semiurban,N
LP0568,Male,Yes,0,Graduate,No,4573,1308,91.48898390678843,360.0,1.0,Semiurban,N
LP0569,Female,Yes,na,Graduate,No,3089,795,116.43369332115094,360.0,1.0,Semiurban,Y
LP0570,Male,No,0,Graduate,No,1665,0,157.94285402100175,360.0,1.0,Semiurban,N
LP0571,Male,Yes,0,Graduate,Yes,15122,451,103.6379695487619,360.0,1.0,Semiurban,Y
LP0572,Male,No,0,Graduate,No,5888,0,61.57285435614027,36.0,,Rural,Y
LP0573,Male,No,3+,Graduate,No,3218,3472,116.73509260883978,360.0,1.0,Rural,Y
LP0574,Male,Yes,2,Not Graduate,No,12987,2111,65.53797745347883,180.0,,Rural,Y
LP0575,Female,Yes,0,Graduate,No,14162,590,202.85280432030305,360.0,0.0,Rural,N
LP0576,Female,No,0,Graduate,No,6370,0,107.9332022105033,360.0,1.0,Semiurban,Y
LP0577,Male,Yes,0,Graduate,No,2969,0,122.72535931817896,60.0,1.0,Semiurban,Y
LP0578,Female,Yes,2,Graduate,No,4628,1105,84.8503856520733,,1.0,Rural,Y
LP0579,Male,Yes,2,Graduate,No,5220,518,125.16808391215498,360.0,,Semiurban,N
LP0580,Male,Yes,0,Graduate,No,5989,0,233.87580149395058,180.0,1.0,Rural,N
LP0581,Male,Yes,0,Graduate,No,3400,62,214.19882847978133,180.0,,Semiurban,Y
LP0582,Female,No,0,Graduate,Yes,9396,1337,70.67431040709634,180.0,1.0,Semiurban,Y
LP0583,Male,No,2,Graduate,No,2120,4786,29.48158637007819,360.0,0.0,Rural,N
LP0584,Male,No,2,Not Graduate,No,10193,0,117.19905974090696,360.0,1.0,Rural,Y
LP0585,Male,No,0,Graduate,No,11330,3750,108.31419244636932,36.0,1.0,Urban,Y
LP0586,Male,Yes,0,Not Graduate,Yes,4854,0,104.9357180715475,60.0,1.0,Rural,Y
LP0587,Male,No,0,Graduate,No,5647,1370,94.5068714572526,360.0,0.0,Semiurban,Y
LP0588,Male,Yes,3+,Not Graduate,No,12079,0,69.85307382418443,120.0,1.0,Urban,Y
LP0589,Male,nan,0,Graduate,No,8100,0,357.33385809916444,360.0,1.0,Rural,N
LP0590,Male,Yes,2,Not Graduate,No,4940,0,301.0559949990006,360.0,0.0,Semiurban,N
LP0591,nan,nan,1,Not Graduate,nan,5234,0,102.64349627093327,360.0,1.0,Semiurban,Y
LP0592,Male,No,0,Graduate,No,7520,1044,135.3296384844894,360.0,1.0,Semiurban,Y
LP0593,Male,No,0,Not Graduate,No,14391,0,204.70181434122085,360.0,1.0,Semiurban,N
LP0594,Male,Yes,0,Graduate,No,5316,0,135.102649204605,360.0,0.0,Semiurban,N
LP0595,Female,Yes,1,Graduate,No,4865,1723,98.46829073507594,360.0,1.0,Semiurban,Y
LP0596,nan,No,2,Graduate,No,5967,0,62.12961284668536,180.0,1.0,Urban,Y
LP0597,Male,Yes,1,Graduate,No,5985,0,127.46709936442976,180.0,1.0,Rural,Y
LP0598,Male,Yes,1,Graduate,No,6855,3321,66.03960313642128,180.0,0.0,Semiurban,N
LP0599,Male,Yes,0,Graduate,No,5656,876,225.7471095403954,60.0,1.0,Rural,Y
LP0600,Male,No,3+,Graduate,Yes,10512,810,124.57220890489157,360.0,,Semiurban,Y
LP0601,Male,No,2,Graduate,No,3730,250,164.42625926694421,360.0,0.0,Semiurban,N
LP0602,Male,Yes,0,Not Graduate,No,7243,1013,106.65524249197404,180.0,1.0,Semiurban,N
LP0603,Male,Yes,3+,Graduate,No,7389,0,190.52570975579124,360.0,0.0,Semiurban,Y
LP0604,Male,No,1,Graduate,Yes,3887,94,90.49850789341129,360.0,0.0,Semiurban,N
LP0605,Male,No,1,Graduate,No,7206,1409,146.84100750238952,360.0,0.0,Semiurban,Y
LP0606,Male,Yes,2,Graduate,No,7488,5103,104.63703223599157,120.0,1.0,Semiurban,Y
LP0607,Male,No,2,Graduate,No,1857,324,112.82589595801376,360.0,1.0,Urban,Y
LP0608,Male,Yes,2,Graduate,No,3566,0,203.3410086612368,120.0,0.0,Semiurban,Y
LP0609,Male,Yes,0,Graduate,No,12616,1377,84.51574418929128,360.0,0.0,Urban,N
LP0610,Male,No,0,Not Graduate,No,4336,2974,151.9853442303822,180.0,1.0,Urban,Y
LP0611,Male,Yes,3+,Graduate,No,3214,3155,239.5311390659313,120.0,0.0,Rural,N
LP0612,Male,Yes,0,Graduate,nan,2368,0,199.57699722539758,180.0,1.0,Semiurban,N
LP0613,Male,Yes,na,Graduate,No,3416,0,91.83234531483849,360.0,1.0,Semiurban,N
LP0614,Male,Yes,1,Graduate,No,5535,0,162.59787631132326,360.0,1.0,Semiurban,Y
